date,time,activity
2010-11-04,08:11:09.966157,Breakfast_Preparation
2010-11-05,07:54:57.970369,Breakfast_Preparation
2010-11-06,09:09:44.374728,Breakfast_Preparation
2010-11-07,07:35:43.912388,Breakfast_Preparation
2010-11-08,08:15:47.321559,Breakfast_Preparation
2010-11-09,08:46:52.121832,Breakfast_Preparation
2010-11-10,06:49:05.709143,Breakfast_Preparation
2010-11-11,08:45:49.437596,Breakfast_Preparation
2010-11-12,08:27:36.340929,Breakfast_Preparation
2010-11-13,08:57:07.95895,Breakfast_Preparation
2010-11-14,06:10:26.891235,Breakfast_Preparation
2010-11-15,07:39:10.736423,Breakfast_Preparation
2010-11-16,09:01:35.759114,Breakfast_Preparation
2010-11-17,07:13:00.684382,Breakfast_Preparation
2010-11-18,10:01:20.454266,Breakfast_Preparation
2010-11-19,07:54:58.962654,Breakfast_Preparation
2010-11-20,08:20:27.952391,Breakfast_Preparation
2010-11-21,06:21:26.200128,Breakfast_Preparation
2010-11-22,06:35:32.315979,Breakfast_Preparation
2010-11-23,08:44:32.807135,Breakfast_Preparation
2010-11-25,08:28:25.777965,Breakfast_Preparation
2010-11-26,09:08:24.67436,Breakfast_Preparation
2010-11-27,08:58:04.073679,Breakfast_Preparation
2010-11-28,08:40:34.643421,Breakfast_Preparation
2010-11-29,07:18:16.850388,Breakfast_Preparation
2010-11-30,08:56:20.990429,Breakfast_Preparation
2010-12-01,08:59:05.35533,Breakfast_Preparation
2010-12-02,05:57:40.540745,Breakfast_Preparation
2010-12-03,08:36:32.402582,Breakfast_Preparation
2010-12-04,07:50:13.388723,Breakfast_Preparation
2010-12-05,05:59:57.95288,Breakfast_Preparation
2010-12-06,09:47:31.089022,Breakfast_Preparation
2010-12-07,08:34:44.480368,Breakfast_Preparation
2010-12-08,08:58:35.984188,Breakfast_Preparation
2010-12-09,06:02:27.675697,Breakfast_Preparation
2010-12-10,06:05:06.35975,Breakfast_Preparation
2010-12-11,08:40:09.174623,Breakfast_Preparation
2010-12-12,06:04:28.645455,Breakfast_Preparation
2010-12-13,06:02:38.318035,Breakfast_Preparation
2010-12-14,08:40:50.789491,Breakfast_Preparation
2010-12-15,08:33:56.902167,Breakfast_Preparation
2010-12-16,07:10:16.212403,Breakfast_Preparation
2010-12-17,08:48:56.773004,Breakfast_Preparation
2010-12-18,08:28:57.063358,Breakfast_Preparation
2010-12-19,07:52:13.80453,Breakfast_Preparation
2010-12-20,08:17:39.032283,Breakfast_Preparation
2010-12-21,10:36:45.050309,Breakfast_Preparation
2010-12-22,09:00:27.477051,Breakfast_Preparation
2010-12-23,07:02:22.26077,Breakfast_Preparation
2010-12-24,06:39:51.383011,Breakfast_Preparation
2010-12-25,06:04:24.923383,Breakfast_Preparation
2010-12-26,06:03:13.643759,Breakfast_Preparation
2010-12-27,09:11:17.165455,Breakfast_Preparation
2010-12-28,08:39:46.064274,Breakfast_Preparation
2010-12-29,07:11:09.863305,Breakfast_Preparation
2010-12-30,07:45:22.811385,Breakfast_Preparation
2010-12-31,07:03:59.478766,Breakfast_Preparation
2011-01-01,10:53:54.104185,Breakfast_Preparation
2011-01-02,06:04:37.929043,Breakfast_Preparation
2011-01-03,08:50:45.372352,Breakfast_Preparation
2011-01-04,08:24:35.444067,Breakfast_Preparation
2011-01-05,08:07:51.96307,Breakfast_Preparation
2011-01-06,06:59:53.975199,Breakfast_Preparation
2011-01-07,08:17:36.689154,Breakfast_Preparation
2011-01-08,09:34:08.751677,Breakfast_Preparation
2011-01-09,08:33:34.95206,Breakfast_Preparation
2011-01-10,07:05:43.73029,Breakfast_Preparation
2011-01-11,09:06:35.562836,Breakfast_Preparation
2011-01-12,08:28:28.919508,Breakfast_Preparation
2011-01-13,07:09:22.841171,Breakfast_Preparation
2011-01-14,08:22:12.998579,Breakfast_Preparation
2011-01-15,08:56:38.412711,Breakfast_Preparation
2011-01-16,08:44:00.032517,Breakfast_Preparation
2011-01-17,08:05:54.299955,Breakfast_Preparation
2011-01-18,08:44:50.915981,Breakfast_Preparation
2011-01-19,08:47:25.419486,Breakfast_Preparation
2011-01-20,07:05:38.742971,Breakfast_Preparation
2011-01-21,07:02:47.615257,Breakfast_Preparation
2011-01-22,07:48:06.691418,Breakfast_Preparation
2011-01-23,05:09:11.944897,Breakfast_Preparation
2011-01-24,08:06:25.578413,Breakfast_Preparation
2011-01-25,08:02:53.27927,Breakfast_Preparation
2011-01-26,08:32:41.26959,Breakfast_Preparation
2011-01-27,06:15:10.661555,Breakfast_Preparation
2011-01-28,07:27:47.904522,Breakfast_Preparation
2011-01-29,08:36:51.287794,Breakfast_Preparation
2011-01-30,06:07:21.431764,Breakfast_Preparation
2011-01-31,07:48:38.966353,Breakfast_Preparation
2011-02-01,06:08:39.284644,Breakfast_Preparation
2011-02-02,07:43:53.879773,Breakfast_Preparation
2011-02-03,06:45:53.598458,Breakfast_Preparation
2011-02-04,06:54:27.622604,Breakfast_Preparation
2011-02-05,06:10:29.076881,Breakfast_Preparation
2011-02-06,06:08:43.95641,Breakfast_Preparation
2011-02-07,07:43:24.154803,Breakfast_Preparation
2011-02-08,06:57:55.979919,Breakfast_Preparation
2011-02-09,07:14:50.295356,Breakfast_Preparation
2011-02-10,06:15:49.383163,Breakfast_Preparation
2011-02-11,05:55:37.60437,Breakfast_Preparation
2011-02-12,08:50:34.665084,Breakfast_Preparation
2011-02-13,08:11:58.354337,Breakfast_Preparation
2011-02-14,07:42:29.473702,Breakfast_Preparation
2011-02-15,08:16:23.826697,Breakfast_Preparation
2011-02-16,07:48:39.025914,Breakfast_Preparation
2011-02-17,07:04:49.000775,Breakfast_Preparation
2011-02-18,07:22:18.908213,Breakfast_Preparation
2011-02-19,06:07:48.974289,Breakfast_Preparation
2011-02-20,08:00:13.599524,Breakfast_Preparation
2011-02-21,07:10:15.224384,Breakfast_Preparation
2011-02-22,07:28:54.301218,Breakfast_Preparation
2011-02-23,07:25:56.434191,Breakfast_Preparation
2011-02-24,05:40:19.456351,Breakfast_Preparation
2011-02-25,08:46:33.382321,Breakfast_Preparation
2011-02-26,07:44:40.431367,Breakfast_Preparation
2011-02-27,06:52:50.405834,Breakfast_Preparation
2011-02-28,08:01:05.418392,Breakfast_Preparation
2011-03-01,06:37:30.518147,Breakfast_Preparation
2011-03-02,08:00:48.31364,Breakfast_Preparation
2011-03-03,06:06:36.955376,Breakfast_Preparation
2011-03-04,07:58:17.504398,Breakfast_Preparation
2011-03-05,05:06:45.45642,Breakfast_Preparation
2011-03-06,07:05:46.777403,Breakfast_Preparation
2011-03-07,07:38:30.800207,Breakfast_Preparation
2011-03-08,07:48:17.795027,Breakfast_Preparation
2011-03-09,07:40:28.775355,Breakfast_Preparation
2011-03-10,06:01:26.093528,Breakfast_Preparation
2011-03-11,07:41:08.840458,Breakfast_Preparation
2011-03-12,08:16:22.528973,Breakfast_Preparation
2011-03-13,06:15:30.642647,Breakfast_Preparation
2011-03-14,07:21:25.153712,Breakfast_Preparation
2011-03-15,07:31:17.303802,Breakfast_Preparation
2011-03-16,07:46:04.384563,Breakfast_Preparation
2011-03-17,08:38:58.181217,Breakfast_Preparation
2011-03-18,08:47:11.190957,Breakfast_Preparation
2011-03-19,08:14:55.446857,Breakfast_Preparation
2011-03-20,08:12:10.450264,Breakfast_Preparation
2011-03-21,07:06:07.341744,Breakfast_Preparation
2011-03-22,09:36:18.388215,Breakfast_Preparation
2011-03-24,06:41:31.973397,Breakfast_Preparation
2011-03-26,06:58:10.371924,Breakfast_Preparation
2011-03-27,06:37:34.254749,Breakfast_Preparation
2011-03-28,07:09:57.453197,Breakfast_Preparation
2011-03-29,06:35:11.796091,Breakfast_Preparation
2011-03-30,07:07:05.933771,Breakfast_Preparation
2011-03-31,06:26:45.232046,Breakfast_Preparation
2011-04-01,05:17:57.993565,Breakfast_Preparation
2011-04-02,09:53:54.194795,Breakfast_Preparation
2011-04-03,06:02:42.3086,Breakfast_Preparation
2011-04-04,08:31:25.450546,Breakfast_Preparation
2011-04-05,06:00:13.576452,Breakfast_Preparation
2011-04-06,08:04:29.08752,Breakfast_Preparation
2011-04-07,07:48:36.431288,Breakfast_Preparation
2011-04-08,07:27:41.998232,Breakfast_Preparation
2011-04-09,07:31:08.511599,Breakfast_Preparation
2011-04-10,07:32:20.102178,Breakfast_Preparation
2011-04-11,07:29:35.548818,Breakfast_Preparation
2011-04-12,07:04:36.499022,Breakfast_Preparation
2011-04-13,06:49:22.624633,Breakfast_Preparation
2011-04-14,08:49:52.083434,Breakfast_Preparation
2011-04-15,05:28:36.09642,Breakfast_Preparation
2011-04-16,06:25:58.538934,Breakfast_Preparation
2011-04-17,07:31:16.988947,Breakfast_Preparation
2011-04-18,08:16:36.350048,Breakfast_Preparation
2011-04-19,07:33:06.457156,Breakfast_Preparation
2011-04-20,05:32:27.815269,Breakfast_Preparation
2011-04-22,06:11:31.632208,Breakfast_Preparation
2011-04-23,07:00:15.6651,Breakfast_Preparation
2011-04-24,06:32:28.259654,Breakfast_Preparation
2011-04-25,05:47:47.059215,Breakfast_Preparation
2011-04-26,05:14:51.588079,Breakfast_Preparation
2011-04-27,05:15:41.491657,Breakfast_Preparation
2011-04-28,05:32:45.650851,Breakfast_Preparation
2011-04-29,05:48:08.41976,Breakfast_Preparation
2011-04-30,05:28:25.720034,Breakfast_Preparation
2011-05-01,05:01:50.48827,Breakfast_Preparation
2011-05-02,05:48:36.252103,Breakfast_Preparation
2011-05-03,05:21:01.554909,Breakfast_Preparation
2011-05-04,06:55:52.00867,Breakfast_Preparation
2011-05-06,05:29:31.215577,Breakfast_Preparation
2011-05-07,07:13:20.151103,Breakfast_Preparation
2011-05-08,06:14:23.521038,Breakfast_Preparation
2011-05-09,05:17:48.014689,Breakfast_Preparation
2011-05-10,05:38:58.58113,Breakfast_Preparation
2011-05-11,06:24:34.665275,Breakfast_Preparation
2011-05-12,06:40:44.934424,Breakfast_Preparation
2011-05-13,06:11:56.152635,Breakfast_Preparation
2011-05-14,06:49:20.462652,Breakfast_Preparation
2011-05-15,06:01:11.961914,Breakfast_Preparation
2011-05-16,05:33:21.744711,Breakfast_Preparation
2011-05-17,05:54:40.498725,Breakfast_Preparation
2011-05-18,08:20:32.623853,Breakfast_Preparation
2011-05-19,05:26:50.236785,Breakfast_Preparation
2011-05-20,06:06:08.443146,Breakfast_Preparation
2011-05-21,06:23:58.834686,Breakfast_Preparation
2011-05-22,07:27:35.458388,Breakfast_Preparation
2011-05-23,06:48:04.334919,Breakfast_Preparation
2011-05-26,07:10:17.612196,Breakfast_Preparation
2011-05-27,05:26:06.783284,Breakfast_Preparation
2011-05-28,09:18:18.202795,Breakfast_Preparation
2011-05-29,06:47:22.524163,Breakfast_Preparation
2011-05-31,06:53:36.008495,Breakfast_Preparation
2011-06-01,05:45:03.977159,Breakfast_Preparation
2011-06-02,05:55:25.557386,Breakfast_Preparation
2011-06-03,05:02:36.7457,Breakfast_Preparation
2011-06-04,05:19:47.676568,Breakfast_Preparation
2011-06-05,05:48:21.431749,Breakfast_Preparation
2011-06-06,05:47:11.723015,Breakfast_Preparation
2011-06-07,05:29:27.073002,Breakfast_Preparation
2011-06-08,05:20:42.781303,Breakfast_Preparation
2011-06-09,05:15:42.217389,Breakfast_Preparation
2011-06-10,05:30:49.864722,Breakfast_Preparation
2011-06-11,05:24:36.288589,Breakfast_Preparation
